"","CO_CURSO","DESVINCULADO","TRANSFERIDO","FORMADO","TOTAL","TX_FORMACAO","TX_EVASAO","CO_UNIDADE_FUNCIONAMENTO","CO_IES","NO_IES","CO_CATEGORIA_ADMINISTRATIVA","DS_CATEGORIA_ADMINISTRATIVA.x","CO_ORGANIZACAO_ACADEMICA.x","NO_ORGANIZACAO_ACADEMICA.x","CO_OCDE","NO_AREA_ESPECIFICA","CO_NIVEL_ACADEMICO","CO_MUNICIPIO_CURSO","NO_MUNICIPIO_CURSO","CO_UF_CURSO","NO_REGIAO_CURSO","IN_AJUDA_DEFICIENTE","IN_ALTO_RELEVO","IN_AUDIO","IN_BRAILLE","IN_CARACTER_AMPLIADO","IN_DISCIPLINA_LIBRAS","IN_GUIA_INTERPRETE","IN_MATERIAL_LIBRAS","IN_SINTESE_VOZ","IN_TRADUTOR_LIBRAS","IN_INTEGRAL_CURSO","IN_MATUTINO_CURSO","IN_NOTURNO_CURSO","IN_VESPERTINO_CURSO","IN_VESTIBULAR","IN_ENEM","IN_OUTRA_FORMA_SELECAO","IN_CONVENIO_PEC_G","IN_OUTRAS_FORMAS_INGRESSO","NU_CARGA_HORARIA","NU_PERC_CARGA_HOR_DISTANCIA","NU_PRAZO_INTEGRALIZACAO","QT_INSCRITOS_ANO","IN_OFERECE_DISC_DISTANCIA","IN_PARTICIPA_UAB","IN_PERMITE_CONCLUINTE","IN_UTILIZA_LABORATORIO","QT_VAGAS_INTEGRAL","QT_VAGAS_MATUTINO","QT_VAGAS_NOTURNO","QT_VAGAS_VESPERTINO","QT_MATRICULA_CURSO","QT_CONCLUINTE_CURSO","QT_INGRESSO_CURSO","QT_PROCESSO_SELETIVO","QT_PROCESSO_OUTRA_FORMA","CO_MANTENEDORA","NO_MANTENEDORA","DS_CATEGORIA_ADMINISTRATIVA.y","CO_ORGANIZACAO_ACADEMICA.y","NO_ORGANIZACAO_ACADEMICA.y","CO_MUNICIPIO_IES","NO_MUNICIPIO_IES","CO_UF_IES","SGL_UF_IES","NO_REGIAO_IES","IN_CAPITAL_IES","IN_ENTIDADE_BENEFICENTE","QT_TEC_TOTAL","QT_TEC_FUND_INCOMP_FEM","QT_TEC_FUND_INCOMP_MASC","QT_TEC_FUND_COMP_FEM","QT_TEC_FUND_COMP_MASC","QT_TEC_MEDIO_FEM","QT_TEC_MEDIO_MASC","QT_TEC_SUPERIOR_FEM","QT_TEC_SUPERIOR_MASC","QT_TEC_ESPECIALIZACAO_FEM","QT_TEC_ESPECIALIZACAO_MASC","QT_TEC_MESTRADO_FEM","QT_TEC_MESTRADO_MASC","QT_TEC_DOUTORADO_FEM","QT_TEC_DOUTORADO_MASC"
"1",701,27,3,62,92,0.673913043478261,0.326086956521739,79290,8,"FUNDACAO UNIVERSIDADE FEDERAL DE VICOSA",1,"FEDERAL",1,"UNIVERSIDADE","621Z01","Agricultura, florestas e recursos pesqueiros",1,3171303,"VICOSA",31,"Sudeste",0,0,0,0,0,0,0,0,0,0,0,0,0,0,0,0,0,0,1,3800,NA,10,421,0,NA,1,1,80,0,0,0,342,49,97,0,97,391,"MINISTERIO DA EDUCACAO","FEDERAL",1,"UNIVERSIDADE",3171303,"VICOSA",31,"MG","Sudeste",0,NA,2324,21,810,19,254,132,520,110,124,124,130,25,37,6,12
"2",2909,4,2,32,38,0.842105263157895,0.157894736842105,83948,55,"UNIVERSIDADE DE SAO PAULO",2,"ESTADUAL",1,"UNIVERSIDADE","621Z01","Agricultura, florestas e recursos pesqueiros",1,3539301,"PIRASSUNUNGA",35,"Sudeste",0,0,0,0,0,0,0,0,0,0,0,0,0,0,1,0,1,1,1,3930,NA,9,244,0,NA,1,0,40,0,0,0,205,34,39,38,1,46,"GOVERNO DO ESTADO DE SPSECRET DE ESTADO DE CIENCIA TECNOL E DESENVECONE TURISMO DO ESTADO DE SP","ESTADUAL",1,"UNIVERSIDADE",3550308,"SAO PAULO",35,"SP","Sudeste",1,NA,15350,355,1169,371,723,3014,3575,2996,1782,89,63,440,264,297,212
"3",3138,7,0,46,53,0.867924528301887,0.132075471698113,735,56,"UNIVERSIDADE ESTADUAL PAULISTA JULIO DE MESQUITA FILHO",2,"ESTADUAL",1,"UNIVERSIDADE","621Z01","Agricultura, florestas e recursos pesqueiros",1,3524303,"JABOTICABAL",35,"Sudeste",0,0,0,0,0,0,0,0,0,0,0,0,0,0,1,0,0,0,0,4410,NA,16,50,0,NA,1,1,50,0,0,0,220,19,53,53,0,46,"GOVERNO DO ESTADO DE SPSECRET DE ESTADO DE CIENCIA TECNOL E DESENVECONE TURISMO DO ESTADO DE SP","ESTADUAL",1,"UNIVERSIDADE",3550308,"SAO PAULO",35,"SP","Sudeste",1,NA,5899,69,496,134,372,881,1427,1608,912,0,0,0,0,0,0
"4",3177,7,0,58,65,0.892307692307692,0.107692307692308,730,56,"UNIVERSIDADE ESTADUAL PAULISTA JULIO DE MESQUITA FILHO",2,"ESTADUAL",1,"UNIVERSIDADE","621Z01","Agricultura, florestas e recursos pesqueiros",1,3507506,"BOTUCATU",35,"Sudeste",0,0,0,0,0,0,0,0,0,0,0,0,0,0,1,0,1,1,0,4245,NA,9,339,0,NA,1,1,60,0,0,0,300,120,67,67,0,46,"GOVERNO DO ESTADO DE SPSECRET DE ESTADO DE CIENCIA TECNOL E DESENVECONE TURISMO DO ESTADO DE SP","ESTADUAL",1,"UNIVERSIDADE",3550308,"SAO PAULO",35,"SP","Sudeste",1,NA,5899,69,496,134,372,881,1427,1608,912,0,0,0,0,0,0
"5",3412,21,0,15,36,0.416666666666667,0.583333333333333,77230,57,"UNIVERSIDADE ESTADUAL DE MARINGA",2,"ESTADUAL",1,"UNIVERSIDADE","621Z01","Agricultura, florestas e recursos pesqueiros",1,4115200,"MARINGA",41,"Sul",1,0,1,1,1,0,0,0,0,0,0,0,0,0,1,0,0,0,1,4772,NA,10,640,0,NA,1,1,80,0,0,0,373,71,85,84,1,37,"GOVERNO DO ESTADO DO PARANA  SECRETARIA ESTADUAL DE CIENCIA TECNOLOGIA E ENSINO SUPERIOR","ESTADUAL",1,"UNIVERSIDADE",4115200,"MARINGA",41,"PR","Sul",0,NA,2559,30,190,47,90,486,443,267,170,372,254,96,55,31,28
"6",4104,49,0,26,75,0.346666666666667,0.653333333333333,806,95,"UNIVERSIDADE ESTADUAL DO VALE DO ACARAU",2,"ESTADUAL",1,"UNIVERSIDADE","621Z01","Agricultura, florestas e recursos pesqueiros",1,2312908,"SOBRAL",23,"Nordeste",0,0,0,0,0,0,0,0,0,0,0,1,0,0,1,0,1,0,0,2970,NA,9,711,0,NA,1,1,0,80,0,0,331,38,83,83,0,75,"GECE  UNIVERSIDADE ESTADUAL VALE DO ACARAU","ESTADUAL",1,"UNIVERSIDADE",2312908,"SOBRAL",23,"CE","Nordeste",0,NA,131,7,12,5,5,15,11,29,15,19,11,0,2,0,0
"7",6495,6,0,9,15,0.6,0.4,2522,271,"UNIVERSIDADE DO OESTE PAULISTA",4,"PARTICULAR EM SENTIDO ESTRITO",1,"UNIVERSIDADE","621Z01","Agricultura, florestas e recursos pesqueiros",1,3541406,"PRESIDENTE PRUDENTE",35,"Sudeste",1,0,0,1,1,1,0,1,0,1,0,0,0,0,1,1,0,0,1,4342,NA,8,54,0,NA,1,1,110,0,0,0,85,25,16,15,1,194,"ASSOCIACAO PRUDENTINA DE EDUCACAO E CULTURA","PARTICULAR EM SENTIDO ESTRITO",1,"UNIVERSIDADE",3541406,"PRESIDENTE PRUDENTE",35,"SP","Sudeste",0,1,941,93,174,80,152,153,152,66,61,5,4,0,0,1,0
"8",8678,9,0,3,12,0.25,0.75,76676,420,"UNIVERSIDADE DE MARILIA",4,"PARTICULAR EM SENTIDO ESTRITO",1,"UNIVERSIDADE","621Z01","Agricultura, florestas e recursos pesqueiros",1,3529005,"MARILIA",35,"Sudeste",1,0,1,1,1,1,1,1,1,1,0,0,0,0,1,0,0,0,1,3820,NA,8,100,0,NA,1,1,60,0,0,0,51,16,12,10,2,292,"ASSOCIACAO DE ENSINO DE MARILIA LTDA","PARTICULAR EM SENTIDO ESTRITO",1,"UNIVERSIDADE",3529005,"MARILIA",35,"SP","Sudeste",0,0,339,0,0,86,52,39,50,50,29,16,12,2,1,1,1
"9",9980,10,0,2,12,0.166666666666667,0.833333333333333,24559,5242,"UNIVERSIDADE ESTADUAL DE ALAGOAS  UNEAL",2,"ESTADUAL",1,"UNIVERSIDADE","621Z01","Agricultura, florestas e recursos pesqueiros",1,2708006,"SANTANA DO IPANEMA",27,"Nordeste",0,0,0,0,0,0,0,0,0,0,0,1,0,0,1,0,0,0,0,3755,NA,8,60,0,NA,1,1,0,40,0,0,331,134,16,16,0,335,"UNIVERSIDADE ESTADUAL DE ALAGOAS  UNEAL","ESTADUAL",1,"UNIVERSIDADE",2700300,"ARAPIRACA",27,"AL","Nordeste",0,NA,2,0,0,0,0,0,0,1,0,1,0,0,0,0,0
"10",10813,39,5,20,64,0.3125,0.6875,77385,527,"UNIVERSIDADE CATOLICA DE GOIAS",5,"PARTICULAR CONFESSIONAL",1,"UNIVERSIDADE","621Z01","Agricultura, florestas e recursos pesqueiros",1,5208707,"GOIANIA",52,"Centro_Oeste",1,0,1,1,1,1,0,1,1,1,0,0,0,0,1,1,0,0,1,3910,NA,9,164,0,NA,1,1,120,0,0,0,298,30,66,53,13,366,"SOCIEDADE GOIANA DE CULTURA","PARTICULAR CONFESSIONAL",1,"UNIVERSIDADE",5208707,"GOIANIA",52,"GO","Centro_Oeste",1,0,889,33,70,15,50,141,223,127,102,71,28,17,10,1,1
"11",12362,37,0,0,37,0,1,86088,570,"UNIVERSIDADE FEDERAL DO RIO GRANDE DO NORTE",1,"FEDERAL",1,"UNIVERSIDADE","621Z01","Agricultura, florestas e recursos pesqueiros",1,2407104,"MACAIBA",24,"Nordeste",0,0,0,0,0,0,0,0,0,0,0,0,0,0,1,0,0,0,1,4125,NA,10,0,0,NA,1,1,0,0,0,0,334,36,72,71,1,391,"MINISTERIO DA EDUCACAO","FEDERAL",1,"UNIVERSIDADE",2408102,"NATAL",24,"RN","Nordeste",1,NA,767,81,152,4,4,2,4,92,83,202,87,42,0,8,6
"12",12910,74,1,33,108,0.305555555555556,0.694444444444444,76887,574,"UNIVERSIDADE FEDERAL RURAL DO RIO DE JANEIRO",1,"FEDERAL",1,"UNIVERSIDADE","621Z01","Agricultura, florestas e recursos pesqueiros",1,3305554,"SEROPEDICA",33,"Sudeste",0,0,0,0,0,0,0,0,0,0,0,0,0,0,1,0,0,0,1,3830,NA,10,353,0,NA,1,1,110,0,0,0,434,61,110,107,3,391,"MINISTERIO DA EDUCACAO","FEDERAL",1,"UNIVERSIDADE",3305554,"SEROPEDICA",33,"RJ","Sudeste",0,NA,1082,19,135,24,86,144,300,190,184,0,0,0,0,0,0
"13",13403,34,5,25,64,0.390625,0.609375,757,579,"UNIVERSIDADE FEDERAL DA PARAIBA",1,"FEDERAL",1,"UNIVERSIDADE","621Z01","Agricultura, florestas e recursos pesqueiros",1,2501104,"AREIA",25,"Nordeste",0,0,0,0,0,0,0,0,0,0,0,0,0,0,1,0,1,0,1,3960,NA,8,153,0,NA,1,1,60,0,0,0,257,20,66,62,4,391,"MINISTERIO DA EDUCACAO","FEDERAL",1,"UNIVERSIDADE",2507507,"JOAO PESSOA",25,"PB","Nordeste",1,NA,2495,58,253,19,47,509,699,261,275,192,101,45,28,5,3
"14",13854,26,0,49,75,0.653333333333333,0.346666666666667,34121,582,"UNIVERSIDADE FEDERAL DE SANTA MARIA",1,"FEDERAL",1,"UNIVERSIDADE","621Z01","Agricultura, florestas e recursos pesqueiros",1,4316907,"SANTA MARIA",43,"Sul",0,0,0,0,0,0,0,0,0,0,0,0,0,0,1,0,1,1,1,3975,NA,10,662,0,NA,1,1,72,0,0,0,299,50,76,73,3,391,"MINISTERIO DA EDUCACAO","FEDERAL",1,"UNIVERSIDADE",4316907,"SANTA MARIA",43,"RS","Sul",0,NA,2608,58,118,115,130,494,293,343,222,384,221,128,70,17,15
"15",14508,49,3,32,84,0.380952380952381,0.619047619047619,25232,587,"UNIVERSIDADE FEDERAL RURAL DE PERNAMBUCO",1,"FEDERAL",1,"UNIVERSIDADE","621Z01","Agricultura, florestas e recursos pesqueiros",1,2611606,"RECIFE",26,"Nordeste",0,0,0,0,0,0,0,0,0,0,0,1,0,1,1,1,0,0,1,3995,NA,10,264,0,NA,1,1,0,40,0,40,373,47,84,80,4,391,"MINISTERIO DA EDUCACAO","FEDERAL",1,"UNIVERSIDADE",2611606,"RECIFE",26,"PE","Nordeste",1,NA,923,8,69,31,112,96,169,99,91,132,53,25,27,6,5
"16",14577,40,3,43,86,0.5,0.5,77231,592,"UNIVERSIDADE FEDERAL DE LAVRAS",1,"FEDERAL",1,"UNIVERSIDADE","621Z01","Agricultura, florestas e recursos pesqueiros",1,3138203,"LAVRAS",31,"Sudeste",1,0,0,0,0,1,0,0,0,0,0,0,0,0,1,1,1,0,1,4607,NA,10,443,0,NA,1,1,100,0,0,0,265,34,105,105,0,391,"MINISTERIO DA EDUCACAO","FEDERAL",1,"UNIVERSIDADE",3138203,"LAVRAS",31,"MG","Sudeste",0,NA,399,2,60,7,29,29,70,34,39,63,41,12,7,3,3
"17",15158,24,0,24,48,0.5,0.5,76134,648,"FACULDADES ASSOCIADAS DE UBERABA  FAZU",4,"PARTICULAR EM SENTIDO ESTRITO",3,"FACULDADE","621Z01","Agricultura, florestas e recursos pesqueiros",1,3170107,"UBERABA",31,"Sudeste",1,0,0,0,0,1,0,0,0,0,0,0,0,0,1,1,0,0,1,4072,NA,8,235,0,NA,1,1,100,0,0,0,176,23,47,40,7,422,"FUNDACAO EDUCACIONAL PARA O DESENVOLVIMENTO DAS CIENCIAS AGRARIAS  FUNDAGRI","PARTICULAR EM SENTIDO ESTRITO",3,"FACULDADE",3170107,"UBERABA",31,"MG","Sudeste",0,0,95,9,15,6,6,11,17,17,7,3,4,0,0,0,0
"18",15743,22,0,13,35,0.371428571428571,0.628571428571429,304,688,"UNIVERSIDADE ESTADUAL DO SUDOESTE DA BAHIA",2,"ESTADUAL",1,"UNIVERSIDADE","621Z01","Agricultura, florestas e recursos pesqueiros",1,2916401,"ITAPETINGA",29,"Nordeste",0,0,0,0,0,0,0,0,0,0,0,0,0,0,1,0,1,0,0,4440,NA,10,151,0,NA,1,1,70,0,0,0,227,25,36,36,0,457,"GOVERNO DO ESTADO DA BAHIA  UNIVERSIDADE ESTADUAL SUDOESTE BAHIA","ESTADUAL",1,"UNIVERSIDADE",2933307,"VITORIA DA CONQUISTA",29,"BA","Nordeste",0,NA,364,6,19,7,6,25,32,67,43,90,39,12,13,2,3
"19",17591,18,1,2,21,0.0952380952380952,0.904761904761905,834,1125,"FACULDADES INTEGRADAS ESPIRITA",4,"PARTICULAR EM SENTIDO ESTRITO",3,"FACULDADE","621Z01","Agricultura, florestas e recursos pesqueiros",1,4106902,"CURITIBA",41,"Sul",1,0,0,0,0,1,0,0,0,0,0,1,0,0,1,0,0,0,1,4320,NA,8,30,0,NA,1,1,0,120,0,0,66,4,20,20,0,662,"INSTITUTO DE CULTURA ESPIRITA DO PARANA","PARTICULAR EM SENTIDO ESTRITO",3,"FACULDADE",4106902,"CURITIBA",41,"PR","Sul",1,0,95,19,13,5,6,16,13,13,7,2,1,0,0,0,0
"20",17690,28,0,1,29,0.0344827586206897,0.96551724137931,76121,954,"FACULDADE DE CIENCIAS AGRO AMBIENTAIS",4,"PARTICULAR EM SENTIDO ESTRITO",3,"FACULDADE","621Z01","Agricultura, florestas e recursos pesqueiros",1,3304557,"RIO DE JANEIRO",33,"Sudeste",1,0,0,0,0,0,0,0,1,1,0,1,0,0,1,1,0,0,1,4410,NA,9,32,0,NA,1,1,0,80,0,0,51,8,29,22,7,678,"SOCIEDADE NACIONAL DE AGRICULTURA","PARTICULAR EM SENTIDO ESTRITO",3,"FACULDADE",3304557,"RIO DE JANEIRO",33,"RJ","Sudeste",1,0,34,1,14,0,2,2,6,3,1,3,0,1,1,0,0
"21",17735,31,0,19,50,0.38,0.62,2583,1028,"UNIVERSIDADE ESTADUAL DE MATO GROSSO DO SUL",2,"ESTADUAL",1,"UNIVERSIDADE","621Z01","Agricultura, florestas e recursos pesqueiros",1,5001102,"AQUIDAUANA",50,"Centro_Oeste",0,0,0,0,0,0,0,0,0,0,0,0,0,0,1,0,0,0,1,4430,NA,10,169,0,NA,1,1,50,0,0,0,211,26,50,50,0,729,"SECRETARIA DE ESTADO DO MEIO AMBIENTE DAS CIDADES DO PLANEJAMENTO DA CIENCIA E TECNOLOGIA CEMAC","ESTADUAL",1,"UNIVERSIDADE",5003702,"DOURADOS",50,"MS","Centro_Oeste",0,NA,292,0,0,1,5,14,30,86,43,67,26,13,5,1,1
"22",18866,33,5,28,66,0.424242424242424,0.575757575757576,642,577,"UNIVERSIDADE FEDERAL DE ALAGOAS",1,"FEDERAL",1,"UNIVERSIDADE","621Z01","Agricultura, florestas e recursos pesqueiros",1,2707701,"RIO LARGO",27,"Nordeste",0,0,0,0,0,0,0,0,0,0,0,1,0,0,1,0,0,0,1,4140,NA,9,264,0,NA,1,1,0,70,0,0,287,35,72,70,2,391,"MINISTERIO DA EDUCACAO","FEDERAL",1,"UNIVERSIDADE",2704302,"MACEIO",27,"AL","Nordeste",1,NA,1506,24,80,22,27,295,198,391,139,133,159,13,22,3,0
"23",20069,26,3,10,39,0.256410256410256,0.743589743589744,76870,387,"UNIVERSIDADE CATOLICA DOM BOSCO",5,"PARTICULAR CONFESSIONAL",1,"UNIVERSIDADE","621Z01","Agricultura, florestas e recursos pesqueiros",1,5002704,"CAMPO GRANDE",50,"Centro_Oeste",1,0,0,0,0,1,0,0,0,0,0,1,0,0,1,0,0,0,1,3600,3,10,48,1,NA,1,1,0,70,0,0,125,19,52,43,9,270,"MISSAO SALESIANA DE MATO GROSSO","PARTICULAR CONFESSIONAL",1,"UNIVERSIDADE",5002704,"CAMPO GRANDE",50,"MS","Centro_Oeste",1,1,599,62,51,50,37,152,116,55,33,32,6,3,2,0,0
"24",20071,29,3,31,63,0.492063492063492,0.507936507936508,78615,571,"UNIVERSIDADE FEDERAL DO PARANA",1,"FEDERAL",1,"UNIVERSIDADE","621Z01","Agricultura, florestas e recursos pesqueiros",1,4106902,"CURITIBA",41,"Sul",1,0,0,1,1,1,0,1,1,1,0,0,0,0,1,0,1,1,1,4160,NA,10,208,0,NA,1,1,47,0,0,0,255,34,61,60,1,391,"MINISTERIO DA EDUCACAO","FEDERAL",1,"UNIVERSIDADE",4106902,"CURITIBA",41,"PR","Sul",1,NA,3504,66,54,118,70,925,378,994,536,167,71,62,24,12,27
"25",20697,26,1,11,38,0.289473684210526,0.710526315789474,2292,404,"FACULDADES INTEGRADAS DA UPIS",4,"PARTICULAR EM SENTIDO ESTRITO",3,"FACULDADE","621Z01","Agricultura, florestas e recursos pesqueiros",1,5300108,"BRASILIA",53,"Centro_Oeste",0,0,0,0,0,0,0,0,0,0,0,1,0,0,1,1,0,0,1,3690,12,9,78,1,NA,1,1,0,120,0,0,81,9,23,20,3,279,"UNIAO PIONEIRA DE INTEGRACAO SOCIAL","PARTICULAR EM SENTIDO ESTRITO",3,"FACULDADE",5300108,"BRASILIA",53,"DF","Centro_Oeste",1,0,204,1,15,1,15,20,31,53,64,0,0,2,1,0,1
"26",20900,14,2,23,39,0.58974358974359,0.41025641025641,553,609,"UNIVERSIDADE ESTADUAL DO OESTE DO PARANA",2,"ESTADUAL",1,"UNIVERSIDADE","621Z01","Agricultura, florestas e recursos pesqueiros",1,4114609,"MARECHAL CANDIDO RONDON",41,"Sul",1,1,1,1,1,1,1,1,1,1,0,0,0,0,1,0,0,0,0,5292,NA,10,172,0,NA,1,1,40,0,0,0,183,31,40,40,0,37,"GOVERNO DO ESTADO DO PARANA  SECRETARIA ESTADUAL DE CIENCIA TECNOLOGIA E ENSINO SUPERIOR","ESTADUAL",1,"UNIVERSIDADE",4104808,"CASCAVEL",41,"PR","Sul",0,NA,577,5,4,19,43,101,99,91,49,106,23,19,13,1,4
"27",22000,24,0,26,50,0.52,0.48,77356,590,"UNIVERSIDADE FEDERAL RURAL DA AMAZONIA",1,"FEDERAL",1,"UNIVERSIDADE","621Z01","Agricultura, florestas e recursos pesqueiros",1,1501402,"BELEM",15,"Norte",0,0,0,0,0,0,0,0,0,0,0,0,0,0,1,0,0,0,0,4790,NA,8,537,0,NA,1,1,50,0,0,0,140,12,43,43,0,391,"MINISTERIO DA EDUCACAO","FEDERAL",1,"UNIVERSIDADE",1501402,"BELEM",15,"PA","Norte",1,NA,437,8,80,5,76,41,106,25,47,18,14,5,9,1,2
"28",39235,29,0,39,68,0.573529411764706,0.426470588235294,507,47,"UNIVERSIDADE ESTADUAL DE GOIAS",2,"ESTADUAL",1,"UNIVERSIDADE","621Z01","Agricultura, florestas e recursos pesqueiros",1,5220108,"SAO LUIS DE MONTES BELOS",52,"Centro_Oeste",0,0,0,0,0,0,0,0,0,0,0,0,0,0,1,0,1,0,1,4335,NA,10,592,0,NA,1,1,60,0,0,0,268,27,64,58,6,42,"UNIVERSIDADE ESTADUAL DE GOIAS","ESTADUAL",1,"UNIVERSIDADE",5201108,"ANAPOLIS",52,"GO","Centro_Oeste",0,NA,1619,0,0,187,166,262,191,426,208,134,34,4,3,2,2
"29",40752,36,3,35,74,0.472972972972973,0.527027027027027,2848,3849,"FUNDACAO UNIVERSIDADE FEDERAL DO TOCANTINS",1,"FEDERAL",1,"UNIVERSIDADE","621Z01","Agricultura, florestas e recursos pesqueiros",1,1702109,"ARAGUAINA",17,"Norte",0,0,0,0,0,0,0,0,0,0,0,0,0,0,1,0,1,0,0,3855,NA,10,276,0,NA,1,1,80,0,0,0,309,59,76,76,0,391,"MINISTERIO DA EDUCACAO","FEDERAL",1,"UNIVERSIDADE",1721000,"PALMAS",17,"TO","Norte",1,NA,555,0,0,1,1,57,138,77,85,111,74,4,7,0,0
"30",43222,17,0,12,29,0.413793103448276,0.586206896551724,759,756,"UNIVERSIDADE ESTADUAL DO PIAUI",2,"ESTADUAL",1,"UNIVERSIDADE","621Z01","Agricultura, florestas e recursos pesqueiros",1,2202901,"CORRENTE",22,"Nordeste",0,0,0,0,0,0,0,0,0,0,0,0,0,0,1,0,0,0,0,3490,NA,9,75,0,NA,1,0,30,0,0,0,111,17,30,30,0,512,"FUNDACAO UNIVERSIDADE ESTADUAL DO PIAUI","ESTADUAL",1,"UNIVERSIDADE",2211001,"TERESINA",22,"PI","Nordeste",1,NA,443,0,0,70,51,132,100,38,29,12,8,3,0,0,0
"31",48917,22,0,13,35,0.371428571428571,0.628571428571429,34695,596,"UNIVERSIDADE FEDERAL DOS VALES DO JEQUITINHONHA E MUCURI",1,"FEDERAL",1,"UNIVERSIDADE","621Z01","Agricultura, florestas e recursos pesqueiros",1,3121605,"DIAMANTINA",31,"Sudeste",0,0,0,0,0,0,0,0,0,0,0,0,0,0,1,0,1,0,1,3985,NA,10,141,0,NA,1,1,50,0,0,0,192,22,45,45,0,391,"MINISTERIO DA EDUCACAO","FEDERAL",1,"UNIVERSIDADE",3121605,"DIAMANTINA",31,"MG","Sudeste",0,NA,192,0,0,0,3,26,25,45,41,33,16,3,0,0,0
"32",50084,38,0,24,62,0.387096774193548,0.612903225806452,75993,1717,"FACULDADE DE IMPERATRIZ",4,"PARTICULAR EM SENTIDO ESTRITO",3,"FACULDADE","621Z01","Agricultura, florestas e recursos pesqueiros",1,2105302,"IMPERATRIZ",21,"Nordeste",1,0,0,0,0,1,0,0,0,1,0,0,0,0,1,0,1,0,1,3585,NA,8,52,0,NA,1,1,64,0,0,0,102,19,93,88,5,1134,"ASSOCIACAO REGIAO TOCANTINA DE EDUCACAO E CULTURA SC LTDA","PARTICULAR EM SENTIDO ESTRITO",3,"FACULDADE",2105302,"IMPERATRIZ",21,"MA","Nordeste",0,0,125,11,16,14,10,16,26,16,16,0,0,0,0,0,0
"33",50233,35,5,9,49,0.183673469387755,0.816326530612245,75997,1825,"FACULDADE DE ESTUDOS SUPERIORES DE MINAS GERAIS",4,"PARTICULAR EM SENTIDO ESTRITO",3,"FACULDADE","621Z01","Agricultura, florestas e recursos pesqueiros",1,3106200,"BELO HORIZONTE",31,"Sudeste",1,0,0,0,0,0,0,0,1,0,0,0,0,1,1,1,1,1,1,3984,10,8,46,1,NA,1,1,0,0,0,150,159,12,42,35,7,785,"SISTEMA INTEGRADO DE ENSINO DE MINAS GERAIS LTDA","PARTICULAR EM SENTIDO ESTRITO",3,"FACULDADE",3106200,"BELO HORIZONTE",31,"MG","Sudeste",1,0,155,8,7,14,25,21,31,12,26,3,6,0,1,0,1
"34",50392,27,0,43,70,0.614285714285714,0.385714285714286,197,583,"UNIVERSIDADE FEDERAL DO CEARA",1,"FEDERAL",1,"UNIVERSIDADE","621Z01","Agricultura, florestas e recursos pesqueiros",1,2304400,"FORTALEZA",23,"Nordeste",0,0,0,0,0,0,0,0,0,0,0,0,0,0,1,0,0,0,1,3808,NA,9,261,0,NA,1,1,60,0,0,0,219,21,69,60,9,391,"MINISTERIO DA EDUCACAO","FEDERAL",1,"UNIVERSIDADE",2304400,"FORTALEZA",23,"CE","Nordeste",1,NA,3420,45,93,79,138,695,486,655,352,400,201,134,77,29,36
"35",52101,11,0,17,28,0.607142857142857,0.392857142857143,76549,694,"UNIVERSIDADE FEDERAL DE MATO GROSSO DO SUL",1,"FEDERAL",1,"UNIVERSIDADE","621Z01","Agricultura, florestas e recursos pesqueiros",1,5002704,"CAMPO GRANDE",50,"Centro_Oeste",0,0,0,0,0,0,0,0,0,0,0,0,0,0,1,0,1,0,1,4000,NA,8,649,0,NA,1,1,40,0,0,0,101,2,26,26,0,462,"FUNDACAO UNIVERSIDADE FEDERAL DE MATO GROSSO DO SUL","FEDERAL",1,"UNIVERSIDADE",5002704,"CAMPO GRANDE",50,"MS","Centro_Oeste",1,NA,1846,63,31,49,42,276,353,349,274,141,174,50,30,6,8
"36",56129,18,0,21,39,0.538461538461538,0.461538461538462,76111,9,"UNIVERSIDADE ESTADUAL DE LONDRINA",2,"ESTADUAL",1,"UNIVERSIDADE","621Z01","Agricultura, florestas e recursos pesqueiros",1,4113700,"LONDRINA",41,"Sul",1,0,0,0,1,0,1,0,0,0,0,0,0,0,1,0,0,0,0,4678,NA,10,200,0,NA,1,1,40,0,0,0,178,52,40,40,0,37,"GOVERNO DO ESTADO DO PARANA  SECRETARIA ESTADUAL DE CIENCIA TECNOLOGIA E ENSINO SUPERIOR","ESTADUAL",1,"UNIVERSIDADE",4113700,"LONDRINA",41,"PR","Sul",0,NA,1868,32,205,91,152,241,370,175,142,265,139,22,20,6,8
"37",60414,29,0,25,54,0.462962962962963,0.537037037037037,565,730,"UNIVERSIDADE ESTADUAL DE PONTA GROSSA",2,"ESTADUAL",1,"UNIVERSIDADE","621Z01","Agricultura, florestas e recursos pesqueiros",1,4104907,"CASTRO",41,"Sul",1,0,1,1,1,0,0,0,0,0,0,0,0,0,1,0,1,0,0,4008,NA,10,329,0,NA,1,1,45,0,0,0,193,27,42,42,0,37,"GOVERNO DO ESTADO DO PARANA  SECRETARIA ESTADUAL DE CIENCIA TECNOLOGIA E ENSINO SUPERIOR","ESTADUAL",1,"UNIVERSIDADE",4119905,"PONTA GROSSA",41,"PR","Sul",0,NA,799,52,94,32,51,155,132,62,46,68,47,23,7,11,19
"38",62906,14,1,15,30,0.5,0.5,192,1,"UNIVERSIDADE FEDERAL DE MATO GROSSO",1,"FEDERAL",1,"UNIVERSIDADE","621Z01","Agricultura, florestas e recursos pesqueiros",1,5107602,"RONDONOPOLIS",51,"Centro_Oeste",1,0,0,0,0,1,0,0,0,0,0,0,0,0,0,0,1,0,1,3960,NA,8,114,0,NA,1,1,30,0,0,0,129,27,30,30,0,1,"FUNDACAO UNIVERSIDADE FEDERAL DE MATO GROSSO","FEDERAL",1,"UNIVERSIDADE",5103403,"CUIABA",51,"MT","Centro_Oeste",1,NA,1981,39,114,22,73,303,417,265,223,291,145,41,32,11,5
"39",64210,20,3,5,28,0.178571428571429,0.821428571428571,77367,1027,"UNIVERSIDADE ESTADUAL DO NORTE FLUMINENSE DARCY RIBEIRO",2,"ESTADUAL",1,"UNIVERSIDADE","621Z01","Agricultura, florestas e recursos pesqueiros",1,3301009,"CAMPOS DO GOYTACAZES",33,"Sudeste",0,0,0,0,0,0,0,0,0,0,0,0,0,0,1,0,0,0,1,4280,NA,10,141,0,NA,1,1,28,0,0,0,75,4,27,27,0,728,"GOVERNO DO ESTADO DO RIO DE JANEIRO","ESTADUAL",1,"UNIVERSIDADE",3301009,"CAMPOS DO GOYTACAZES",33,"RJ","Sudeste",0,NA,525,2,28,5,41,96,153,85,50,15,9,19,15,3,4
"40",65424,25,0,14,39,0.358974358974359,0.641025641025641,77820,4,"UNIVERSIDADE FEDERAL DO AMAZONAS",1,"FEDERAL",1,"UNIVERSIDADE","621Z01","Agricultura, florestas e recursos pesqueiros",1,1302603,"MANAUS",13,"Norte",1,0,1,0,1,0,0,0,0,0,0,0,0,0,0,0,1,0,1,3495,NA,10,42,0,NA,1,1,42,0,0,0,206,17,42,42,0,4,"FUNDACAO UNIVERSIDADE DO AMAZONAS","FEDERAL",1,"UNIVERSIDADE",1302603,"MANAUS",13,"AM","Norte",1,NA,1497,11,33,20,40,339,262,197,168,233,138,32,21,0,3
"41",67013,14,2,34,50,0.68,0.32,734,56,"UNIVERSIDADE ESTADUAL PAULISTA JULIO DE MESQUITA FILHO",2,"ESTADUAL",1,"UNIVERSIDADE","621Z01","Agricultura, florestas e recursos pesqueiros",1,3520442,"ILHA SOLTEIRA",35,"Sudeste",0,0,0,0,0,0,0,0,0,0,0,0,0,0,1,1,0,0,1,3750,NA,9,311,0,NA,1,1,40,0,0,0,202,25,48,39,9,46,"GOVERNO DO ESTADO DE SPSECRET DE ESTADO DE CIENCIA TECNOL E DESENVECONE TURISMO DO ESTADO DE SP","ESTADUAL",1,"UNIVERSIDADE",3550308,"SAO PAULO",35,"SP","Sudeste",1,NA,5899,69,496,134,372,881,1427,1608,912,0,0,0,0,0,0
"42",68063,59,0,32,91,0.351648351648352,0.648351648351648,388,719,"UNIVERSIDADE DO ESTADO DE MATO GROSSO",2,"ESTADUAL",1,"UNIVERSIDADE","621Z01","Agricultura, florestas e recursos pesqueiros",1,5106752,"PONTES E LACERDA",51,"Centro_Oeste",0,0,0,0,0,0,0,0,0,0,0,0,0,0,1,0,0,0,0,3960,NA,10,201,0,NA,1,1,80,0,0,0,332,14,65,65,0,482,"FUNDACAO UNIVERSIDADE DO ESTADO DE MATO GROSSO","ESTADUAL",1,"UNIVERSIDADE",5102504,"CACERES",51,"MT","Centro_Oeste",0,NA,440,3,5,1,1,47,110,47,73,88,55,5,4,1,0
"43",68180,37,0,10,47,0.212765957446809,0.787234042553192,79450,589,"UNIVERSIDADE FEDERAL RURAL DO SEMIARIDO",1,"FEDERAL",1,"UNIVERSIDADE","621Z01","Agricultura, florestas e recursos pesqueiros",1,2408003,"MOSSORO",24,"Nordeste",0,0,0,0,0,0,0,0,0,0,0,0,0,0,1,0,1,0,0,3765,NA,10,147,0,NA,1,1,50,0,0,0,173,26,53,53,0,391,"MINISTERIO DA EDUCACAO","FEDERAL",1,"UNIVERSIDADE",2408003,"MOSSORO",24,"RN","Nordeste",0,NA,239,4,50,1,17,19,44,16,24,26,21,5,10,0,2
"44",73944,17,12,20,49,0.408163265306122,0.591836734693878,2790,56,"UNIVERSIDADE ESTADUAL PAULISTA JULIO DE MESQUITA FILHO",2,"ESTADUAL",1,"UNIVERSIDADE","621Z01","Agricultura, florestas e recursos pesqueiros",1,3514403,"DRACENA",35,"Sudeste",0,0,0,0,0,0,0,0,0,0,0,0,0,0,1,0,1,0,1,3600,NA,9,40,0,NA,1,1,40,0,0,0,309,117,51,47,4,46,"GOVERNO DO ESTADO DE SPSECRET DE ESTADO DE CIENCIA TECNOL E DESENVECONE TURISMO DO ESTADO DE SP","ESTADUAL",1,"UNIVERSIDADE",3550308,"SAO PAULO",35,"SP","Sudeste",1,NA,5899,69,496,134,372,881,1427,1608,912,0,0,0,0,0,0
"45",74062,27,0,18,45,0.4,0.6,25554,3984,"FUNDACAO UNIVERSIDADE FEDERAL DO VALE DO SAO FRANCISCO",1,"FEDERAL",1,"UNIVERSIDADE","621Z01","Agricultura, florestas e recursos pesqueiros",1,2611101,"PETROLINA",26,"Nordeste",1,0,0,0,0,1,0,0,0,0,0,0,0,0,1,1,0,0,0,3960,NA,9,151,0,NA,1,1,50,0,0,0,155,12,45,45,0,391,"MINISTERIO DA EDUCACAO","FEDERAL",1,"UNIVERSIDADE",2611101,"PETROLINA",26,"PE","Nordeste",0,NA,241,0,0,0,0,19,37,56,58,38,27,2,4,0,0
"46",74134,44,6,38,88,0.431818181818182,0.568181818181818,2995,43,"FUNDACAO UNIVERSIDADE DO ESTADO DE SANTA CATARINA",2,"ESTADUAL",1,"UNIVERSIDADE","621Z01","Agricultura, florestas e recursos pesqueiros",1,4204202,"CHAPECO",42,"Sul",0,0,0,0,0,0,0,0,0,0,0,0,0,0,1,0,1,0,0,4320,NA,10,90,0,NA,1,1,90,0,0,0,327,40,91,91,0,39,"FUNDACAO UNIVERSIDADE DO ESTADO DE SANTA CATARINA","ESTADUAL",1,"UNIVERSIDADE",4205407,"FLORIANOPOLIS",42,"SC","Sul",1,NA,457,5,18,7,13,31,67,90,41,80,42,37,18,4,4
"47",74444,13,0,20,33,0.606060606060606,0.393939393939394,76817,2918,"FACULDADE DE ENSINO SUPERIOR DA AMAZONIA REUNIDA",4,"PARTICULAR EM SENTIDO ESTRITO",3,"FACULDADE","621Z01","Agricultura, florestas e recursos pesqueiros",1,1506138,"REDENCAO",15,"Norte",0,0,0,0,0,0,0,0,0,0,0,0,0,1,1,0,0,0,0,3220,NA,9,33,0,NA,1,1,0,0,0,120,70,20,30,30,0,1893,"SOCIEDADE DE  EDUCACAO CULTURA E TECNOLOGIA DA AMAZONIA","PARTICULAR EM SENTIDO ESTRITO",3,"FACULDADE",1506138,"REDENCAO",15,"PA","Norte",0,0,21,0,0,0,1,9,2,2,0,2,2,2,1,0,0
"48",75776,67,1,10,78,0.128205128205128,0.871794871794872,76708,2323,"FACULDADE DA AMAZONIA",4,"PARTICULAR EM SENTIDO ESTRITO",3,"FACULDADE","621Z01","Agricultura, florestas e recursos pesqueiros",1,1100304,"VILHENA",11,"Norte",0,0,0,0,0,0,0,0,0,0,1,0,1,1,1,1,0,0,1,4176,NA,8,161,0,NA,1,1,0,0,50,50,147,27,81,79,2,1513,"INSTITUTO DE ENSINO SUPERIOR DA AMAZONIA SC LTDA","PARTICULAR EM SENTIDO ESTRITO",3,"FACULDADE",1100304,"VILHENA",11,"RO","Norte",0,0,16,0,0,0,0,11,0,4,0,1,0,0,0,0,0
"49",86500,28,0,19,47,0.404255319148936,0.595744680851064,6789,4503,"UNIVERSIDADE FEDERAL DO RECONCAVO DA BAHIA",1,"FEDERAL",1,"UNIVERSIDADE","621Z01","Agricultura, florestas e recursos pesqueiros",1,2909802,"CRUZ DAS ALMAS",29,"Nordeste",0,0,0,0,0,0,0,0,0,0,0,0,0,0,1,0,1,0,1,4123,NA,10,193,0,NA,1,1,50,0,0,0,93,4,55,54,1,391,"MINISTERIO DA EDUCACAO","FEDERAL",1,"UNIVERSIDADE",2909802,"CRUZ DAS ALMAS",29,"BA","Nordeste",0,NA,218,1,16,0,6,38,43,54,60,0,0,0,0,0,0
"50",87193,18,1,43,62,0.693548387096774,0.306451612903226,34805,575,"UNIVERSIDADE FEDERAL DE MINAS GERAIS",1,"FEDERAL",1,"UNIVERSIDADE","621Z01","Agricultura, florestas e recursos pesqueiros",1,3143302,"MONTES CLAROS",31,"Sudeste",0,0,0,0,0,0,0,0,0,0,0,1,0,0,1,1,0,0,0,3630,NA,8,245,0,NA,1,1,0,75,0,0,174,25,62,62,0,391,"MINISTERIO DA EDUCACAO","FEDERAL",1,"UNIVERSIDADE",3106200,"BELO HORIZONTE",31,"MG","Sudeste",1,NA,4277,99,235,130,151,1166,708,871,399,291,114,55,28,19,11
"51",87354,31,1,10,42,0.238095238095238,0.761904761904762,77344,3371,"CENTRO UNIVERSITARIO DE PATOS DE MINAS",5,"PARTICULAR CONFESSIONAL",2,"CENTRO UNIVERSITARIO","621Z01","Agricultura, florestas e recursos pesqueiros",1,3148004,"PATOS DE MINAS",31,"Sudeste",1,1,1,1,1,1,1,1,1,1,1,0,1,0,1,0,0,0,1,3600,NA,8,115,0,NA,1,1,0,0,60,0,108,35,19,12,7,2128,"FUNDACAO EDUCACIONAL DE PATOS DE MINAS ( AGREGADA A UEMG)","PARTICULAR CONFESSIONAL",2,"CENTRO UNIVERSITARIO",3148004,"PATOS DE MINAS",31,"MG","Sudeste",0,1,268,1,25,3,18,54,68,66,20,7,2,1,3,0,0
"52",90737,23,0,8,31,0.258064516129032,0.741935483870968,76046,3375,"INSTITUTO DE ENSINO SUPERIOR MULTIPLO",4,"PARTICULAR EM SENTIDO ESTRITO",3,"FACULDADE","621Z01","Agricultura, florestas e recursos pesqueiros",1,2112209,"TIMON",21,"Nordeste",1,0,0,0,0,1,0,0,0,0,0,0,0,1,1,1,0,0,0,3906,NA,8,102,0,NA,1,1,0,0,0,80,71,0,23,23,0,2131,"CENTRO DE ENSINO SUPERIOR MULTIPLO SC LTDA","PARTICULAR EM SENTIDO ESTRITO",3,"FACULDADE",2112209,"TIMON",21,"MA","Nordeste",0,0,8,0,0,0,1,1,1,3,2,0,0,0,0,0,0
"53",91085,9,1,11,21,0.523809523809524,0.476190476190476,25880,3641,"CENTRO UNIVERSITARIO DA FUNDACAO EDUCACIONAL DE BARRETOS",5,"PARTICULAR CONFESSIONAL",2,"CENTRO UNIVERSITARIO","621Z01","Agricultura, florestas e recursos pesqueiros",1,3505500,"BARRETOS",35,"Sudeste",0,0,0,0,0,0,0,0,0,0,0,0,0,0,1,0,1,0,0,4300,NA,10,47,0,NA,1,1,60,0,0,0,89,0,17,17,0,51,"FUNDACAO EDUCACIONAL DE BARRETOS","PARTICULAR CONFESSIONAL",2,"CENTRO UNIVERSITARIO",3505500,"BARRETOS",35,"SP","Sudeste",0,0,131,10,13,7,6,19,32,31,13,0,0,0,0,0,0
"54",91738,47,1,28,76,0.368421052631579,0.631578947368421,930,587,"UNIVERSIDADE FEDERAL RURAL DE PERNAMBUCO",1,"FEDERAL",1,"UNIVERSIDADE","621Z01","Agricultura, florestas e recursos pesqueiros",1,2606002,"GARANHUNS",26,"Nordeste",0,0,0,0,0,0,0,0,0,0,0,1,0,1,1,1,0,0,1,3995,NA,10,124,0,NA,1,1,0,40,0,40,225,0,81,80,1,391,"MINISTERIO DA EDUCACAO","FEDERAL",1,"UNIVERSIDADE",2611606,"RECIFE",26,"PE","Nordeste",1,NA,923,8,69,31,112,96,169,99,91,132,53,25,27,6,5
"55",91819,26,0,12,38,0.315789473684211,0.684210526315789,549,82,"UNIVERSIDADE DO OESTE DE SANTA CATARINA",3,"MUNICIPAL",1,"UNIVERSIDADE","621Z01","Agricultura, florestas e recursos pesqueiros",1,4219507,"XANXERE",42,"Sul",1,0,0,0,0,1,0,0,0,1,1,0,1,0,1,1,1,0,1,3600,NA,10,68,0,NA,1,1,0,0,40,0,65,0,39,35,4,66,"FUNDACAO UNIVERSIDADE DO OESTE DE SANTA CATARINA","MUNICIPAL",1,"UNIVERSIDADE",4209003,"JOACABA",42,"SC","Sul",0,NA,610,20,16,19,16,142,77,148,37,97,27,9,2,0,0
"56",92593,29,0,39,68,0.573529411764706,0.426470588235294,1660,367,"UNIVERSIDADE ESTADUAL DE MONTES CLAROS",2,"ESTADUAL",1,"UNIVERSIDADE","621Z01","Agricultura, florestas e recursos pesqueiros",1,3135100,"JANAUBA",31,"Sudeste",0,0,0,0,0,0,0,0,0,0,0,0,0,0,1,0,0,0,0,4600,NA,10,157,0,NA,1,1,38,0,0,0,89,12,33,33,0,256,"UNIVERSIDADE ESTADUAL MONTES CLAROS","ESTADUAL",1,"UNIVERSIDADE",3143302,"MONTES CLAROS",31,"MG","Sudeste",0,NA,1393,29,36,25,14,520,287,215,89,112,47,11,5,2,1
"57",94033,37,0,15,52,0.288461538461538,0.711538461538462,1458,3,"UNIVERSIDADE FEDERAL DE SERGIPE",1,"FEDERAL",1,"UNIVERSIDADE","621Z01","Agricultura, florestas e recursos pesqueiros",1,2806701,"SAO CRISTOVAO",28,"Nordeste",0,0,0,0,0,0,0,0,0,0,0,1,0,0,1,0,0,0,1,3630,NA,8,262,0,NA,1,1,0,50,0,0,165,0,60,51,9,3,"FUNDACAO UNIVERSIDADE FEDERAL DE SERGIPE","FEDERAL",1,"UNIVERSIDADE",2806701,"SAO CRISTOVAO",28,"SE","Nordeste",0,NA,1141,12,85,13,37,229,219,249,154,78,55,2,6,1,1
"58",95426,2,0,10,12,0.833333333333333,0.166666666666667,4206,568,"UNIVERSIDADE ESTADUAL DO MARANHAO",2,"ESTADUAL",1,"UNIVERSIDADE","621Z01","Agricultura, florestas e recursos pesqueiros",1,2104800,"GRAJAU",21,"Nordeste",0,0,0,0,0,0,0,0,0,0,0,0,0,0,1,0,0,0,0,3615,NA,8,185,0,NA,1,1,30,0,0,0,18,0,11,11,0,390,"UNIVERSIDADE ESTADUAL DO MARANHAO","ESTADUAL",1,"UNIVERSIDADE",2111300,"SAO LUIS",21,"MA","Nordeste",1,NA,458,0,0,76,81,150,101,15,26,4,5,0,0,0,0
"59",97021,30,0,11,41,0.268292682926829,0.731707317073171,35261,789,"UNIVERSIDADE FEDERAL DE RORAIMA",1,"FEDERAL",1,"UNIVERSIDADE","621Z01","Agricultura, florestas e recursos pesqueiros",1,1400100,"BOA VISTA",14,"Norte",1,0,0,0,0,1,0,0,0,0,0,1,0,0,1,0,0,0,0,3630,NA,9,195,0,NA,1,1,0,40,0,0,130,1,43,43,0,541,"FUNDACAO UNIVERSIDADE FEDERAL DE RORAIMA","FEDERAL",1,"UNIVERSIDADE",1400100,"BOA VISTA",14,"RR","Norte",1,NA,272,3,7,14,8,57,55,41,62,5,15,2,3,0,0
"60",98964,28,1,13,42,0.30952380952381,0.69047619047619,32961,1303,"INSTITUTO FEDERAL DE EDUCACAO CIENCIA E TECNOLOGIA GOIANO",1,"FEDERAL",4,"INSTITUTO FEDERAL DE EDUCACAO CIENCIA E TECNOLOGIA","621Z01","Agricultura, florestas e recursos pesqueiros",1,5218805,"RIO VERDE",52,"Centro_Oeste",0,0,0,0,0,0,0,0,0,0,0,0,0,0,1,0,0,0,1,3860,NA,10,200,0,NA,1,1,40,0,0,0,105,0,40,40,0,391,"MINISTERIO DA EDUCACAO","FEDERAL",4,"INSTITUTO FEDERAL DE EDUCACAO CIENCIA E TECNOLOGIA",5208707,"GOIANIA",52,"GO","Centro_Oeste",1,NA,344,3,11,1,12,34,83,33,48,67,45,5,2,0,0
"61",99722,57,0,18,75,0.24,0.76,79172,5,"UNIVERSIDADE FEDERAL DO PIAUI",1,"FEDERAL",1,"UNIVERSIDADE","621Z01","Agricultura, florestas e recursos pesqueiros",1,2201903,"BOM JESUS",22,"Nordeste",1,0,1,1,0,1,1,1,1,1,0,0,0,0,1,0,1,0,0,3690,NA,9,94,0,NA,1,1,100,0,0,0,192,0,72,72,0,391,"MINISTERIO DA EDUCACAO","FEDERAL",1,"UNIVERSIDADE",2211001,"TERESINA",22,"PI","Nordeste",1,NA,1146,16,84,11,64,187,244,205,217,59,47,6,6,0,0
"62",99853,33,1,23,57,0.403508771929825,0.596491228070176,8546,2365,"FACULDADE CATOLICA DO TOCANTINS",5,"PARTICULAR CONFESSIONAL",3,"FACULDADE","621Z01","Agricultura, florestas e recursos pesqueiros",1,1721000,"PALMAS",17,"Norte",1,0,0,0,0,1,0,0,0,0,0,0,0,0,1,1,0,0,1,3600,NA,10,105,0,NA,1,1,100,0,0,0,121,0,37,30,7,278,"UNIAO BRASILIENSE DE EDUCACAO E CULTURA","PARTICULAR CONFESSIONAL",3,"FACULDADE",1721000,"PALMAS",17,"TO","Norte",1,1,94,0,13,6,6,19,22,14,7,3,0,1,0,3,0
"63",100772,61,1,30,92,0.326086956521739,0.673913043478261,558,1,"UNIVERSIDADE FEDERAL DE MATO GROSSO",1,"FEDERAL",1,"UNIVERSIDADE","621Z01","Agricultura, florestas e recursos pesqueiros",1,5107909,"SINOP",51,"Centro_Oeste",1,0,0,0,0,1,0,0,0,0,0,0,0,0,0,0,1,0,1,3780,NA,8,148,0,NA,1,1,100,0,0,0,226,0,98,96,2,1,"FUNDACAO UNIVERSIDADE FEDERAL DE MATO GROSSO","FEDERAL",1,"UNIVERSIDADE",5103403,"CUIABA",51,"MT","Centro_Oeste",1,NA,1981,39,114,22,73,303,417,265,223,291,145,41,32,11,5
"64",101920,18,0,14,32,0.4375,0.5625,231,584,"UNIVERSIDADE FEDERAL DE GOIAS",1,"FEDERAL",1,"UNIVERSIDADE","621Z01","Agricultura, florestas e recursos pesqueiros",1,5211909,"JATAI",52,"Centro_Oeste",1,0,0,1,1,1,1,1,1,1,0,0,0,0,1,0,0,0,1,3708,NA,10,85,0,NA,1,0,30,0,0,0,92,0,35,33,2,391,"MINISTERIO DA EDUCACAO","FEDERAL",1,"UNIVERSIDADE",5208707,"GOIANIA",52,"GO","Centro_Oeste",1,NA,2244,0,1,26,47,533,431,319,211,355,176,88,35,12,10
"65",102040,29,1,36,66,0.545454545454545,0.454545454545455,23274,588,"UNIVERSIDADE TECNOLOGICA FEDERAL DO PARANA",1,"FEDERAL",1,"UNIVERSIDADE","621Z01","Agricultura, florestas e recursos pesqueiros",1,4107207,"DOIS VIZINHOS",41,"Sul",0,0,0,0,0,0,0,0,0,0,0,1,0,0,1,0,0,0,0,4040,NA,9,191,0,NA,1,1,0,88,0,0,151,0,74,74,0,391,"MINISTERIO DA EDUCACAO","FEDERAL",1,"UNIVERSIDADE",4106902,"CURITIBA",41,"PR","Sul",1,NA,1008,3,28,8,48,156,227,281,89,91,63,11,2,1,0
"66",102160,17,3,11,31,0.354838709677419,0.645161290322581,23254,577,"UNIVERSIDADE FEDERAL DE ALAGOAS",1,"FEDERAL",1,"UNIVERSIDADE","621Z01","Agricultura, florestas e recursos pesqueiros",1,2700300,"ARAPIRACA",27,"Nordeste",0,0,0,0,0,0,0,0,0,0,0,0,0,0,1,0,0,0,1,3720,NA,9,220,0,NA,1,1,50,0,0,0,129,0,52,50,2,391,"MINISTERIO DA EDUCACAO","FEDERAL",1,"UNIVERSIDADE",2704302,"MACEIO",27,"AL","Nordeste",1,NA,1506,24,80,22,27,295,198,391,139,133,159,13,22,3,0
"67",103404,34,0,21,55,0.381818181818182,0.618181818181818,24213,582,"UNIVERSIDADE FEDERAL DE SANTA MARIA",1,"FEDERAL",1,"UNIVERSIDADE","621Z01","Agricultura, florestas e recursos pesqueiros",1,4313706,"PALMEIRA DAS MISSOES",43,"Sul",0,0,0,0,0,0,0,0,0,0,0,1,0,0,1,0,1,0,1,3795,NA,8,357,0,NA,1,0,0,56,0,0,159,0,56,51,5,391,"MINISTERIO DA EDUCACAO","FEDERAL",1,"UNIVERSIDADE",4316907,"SANTA MARIA",43,"RS","Sul",0,NA,2608,58,118,115,130,494,293,343,222,384,221,128,70,17,15
"68",103592,10,2,20,32,0.625,0.375,33023,3189,"INSTITUTO FEDERAL DE EDUCACAO CIENCIA E TECNOLOGIA DE MINAS GERAIS",1,"FEDERAL",4,"INSTITUTO FEDERAL DE EDUCACAO CIENCIA E TECNOLOGIA","621Z01","Agricultura, florestas e recursos pesqueiros",1,3105103,"BAMBUI",31,"Sudeste",0,0,0,0,0,0,0,0,0,0,0,0,0,0,1,0,0,0,0,4220,NA,9,200,0,NA,1,1,40,0,0,0,160,31,36,36,0,391,"MINISTERIO DA EDUCACAO","FEDERAL",4,"INSTITUTO FEDERAL DE EDUCACAO CIENCIA E TECNOLOGIA",3106200,"BELO HORIZONTE",31,"MG","Sudeste",1,NA,500,21,37,1,18,59,129,47,108,44,21,12,3,0,0
"69",104356,20,1,9,30,0.3,0.7,34281,5322,"FUNDACAO UNIVERSIDADE FEDERAL DO PAMPA  UNIPAMPA",1,"FEDERAL",1,"UNIVERSIDADE","621Z01","Agricultura, florestas e recursos pesqueiros",1,4306601,"DOM PEDRITO",43,"Sul",1,0,1,0,0,1,0,0,0,0,0,0,0,0,1,0,0,0,1,3945,NA,10,84,0,NA,1,1,50,0,0,0,143,0,132,129,3,391,"MINISTERIO DA EDUCACAO","FEDERAL",1,"UNIVERSIDADE",4301602,"BAGE",43,"RS","Sul",0,NA,148,0,0,0,0,14,20,59,55,0,0,0,0,0,0
"70",109258,9,3,6,18,0.333333333333333,0.666666666666667,77091,1087,"FACULDADES INTEGRADAS APARICIO CARVALHO",4,"PARTICULAR EM SENTIDO ESTRITO",3,"FACULDADE","621Z01","Agricultura, florestas e recursos pesqueiros",1,1100205,"PORTO VELHO",11,"Norte",0,0,0,0,0,0,0,0,0,0,1,0,1,0,1,1,0,0,1,4450,NA,8,100,0,NA,1,1,0,0,120,0,27,0,28,21,7,757,"SOCIEDADE MANTENEDORA DE PESQ EDUC ASSIST COMUN E CULTURA MARIA COELHO AGUI","PARTICULAR EM SENTIDO ESTRITO",3,"FACULDADE",1100205,"PORTO VELHO",11,"RO","Norte",1,0,106,5,8,8,7,39,19,10,5,3,2,0,0,0,0
"71",111954,29,0,42,71,0.591549295774648,0.408450704225352,25934,585,"UNIVERSIDADE FEDERAL DE SANTA CATARINA",1,"FEDERAL",1,"UNIVERSIDADE","621Z01","Agricultura, florestas e recursos pesqueiros",1,4205407,"FLORIANOPOLIS",42,"Sul",1,1,0,1,1,1,0,1,0,1,0,0,0,0,1,0,0,0,1,3690,NA,8,242,0,NA,1,0,60,0,0,0,110,0,71,60,11,391,"MINISTERIO DA EDUCACAO","FEDERAL",1,"UNIVERSIDADE",4205407,"FLORIANOPOLIS",42,"SC","Sul",1,NA,1521,50,117,63,136,193,267,203,172,117,80,54,45,12,12
"72",112108,27,0,19,46,0.41304347826087,0.58695652173913,381,4,"UNIVERSIDADE FEDERAL DO AMAZONAS",1,"FEDERAL",1,"UNIVERSIDADE","621Z01","Agricultura, florestas e recursos pesqueiros",1,1303403,"PARINTINS",13,"Norte",1,0,1,0,1,0,0,0,0,0,0,0,0,0,0,0,1,0,0,3000,NA,8,50,0,NA,1,1,50,0,0,0,149,0,50,50,0,4,"FUNDACAO UNIVERSIDADE DO AMAZONAS","FEDERAL",1,"UNIVERSIDADE",1302603,"MANAUS",13,"AM","Norte",1,NA,1497,11,33,20,40,339,262,197,168,233,138,32,21,0,3
"73",113645,19,0,29,48,0.604166666666667,0.395833333333333,1324,634,"UNIVERSIDADE FEDERAL DE PELOTAS",1,"FEDERAL",1,"UNIVERSIDADE","621Z01","Agricultura, florestas e recursos pesqueiros",1,4314407,"PELOTAS",43,"Sul",1,0,0,0,0,0,0,1,0,0,0,0,0,0,0,0,1,0,1,3230,NA,8,221,0,NA,1,1,64,0,0,0,94,0,65,64,1,410,"FUNDACAO UNIVERSIDADE FEDERAL DE PELOTAS","FEDERAL",1,"UNIVERSIDADE",4314407,"PELOTAS",43,"RS","Sul",0,NA,1417,27,58,48,91,239,218,300,192,112,53,33,26,10,10
"74",115023,31,3,1,35,0.0285714285714286,0.971428571428571,35327,3164,"INSTITUTO FEDERAL DE EDUCACAO CIENCIA E TECNOLOGIA DE MATO GROSSO",1,"FEDERAL",4,"INSTITUTO FEDERAL DE EDUCACAO CIENCIA E TECNOLOGIA","621Z01","Agricultura, florestas e recursos pesqueiros",1,5107800,"SANTO ANTONIO DO LEVERGER",51,"Centro_Oeste",1,0,0,0,0,0,0,0,0,1,0,0,0,0,1,0,0,0,0,4060,NA,9,170,0,NA,1,1,70,0,0,0,88,0,63,63,0,391,"MINISTERIO DA EDUCACAO","FEDERAL",4,"INSTITUTO FEDERAL DE EDUCACAO CIENCIA E TECNOLOGIA",5103403,"CUIABA",51,"MT","Centro_Oeste",1,NA,282,0,3,0,23,0,101,0,80,0,69,0,6,0,0
"75",117070,25,0,19,44,0.431818181818182,0.568181818181818,81134,578,"UNIVERSIDADE FEDERAL DA BAHIA",1,"FEDERAL",1,"UNIVERSIDADE","621Z01","Agricultura, florestas e recursos pesqueiros",1,2927408,"SALVADOR",29,"Nordeste",0,0,0,0,0,0,0,0,0,0,0,0,0,0,1,0,0,0,1,2857,NA,9,99,0,NA,1,1,90,0,0,0,48,0,48,47,1,391,"MINISTERIO DA EDUCACAO","FEDERAL",1,"UNIVERSIDADE",2927408,"SALVADOR",29,"BA","Nordeste",1,NA,3244,54,136,74,95,846,399,618,346,331,152,89,40,33,31
"76",118474,34,4,23,61,0.377049180327869,0.622950819672131,937,587,"UNIVERSIDADE FEDERAL RURAL DE PERNAMBUCO",1,"FEDERAL",1,"UNIVERSIDADE","621Z01","Agricultura, florestas e recursos pesqueiros",1,2613909,"SERRA TALHADA",26,"Nordeste",0,0,0,0,0,0,0,0,0,0,0,1,0,1,1,1,0,0,0,4095,NA,11,70,0,NA,1,1,0,40,0,40,61,0,63,63,0,391,"MINISTERIO DA EDUCACAO","FEDERAL",1,"UNIVERSIDADE",2611606,"RECIFE",26,"PE","Nordeste",1,NA,923,8,69,31,112,96,169,99,91,132,53,25,27,6,5
"77",120116,17,2,30,49,0.612244897959184,0.387755102040816,1618,590,"UNIVERSIDADE FEDERAL RURAL DA AMAZONIA",1,"FEDERAL",1,"UNIVERSIDADE","621Z01","Agricultura, florestas e recursos pesqueiros",1,1505536,"PARAUAPEBAS",15,"Norte",0,0,0,0,0,0,0,0,0,0,0,1,0,0,1,0,0,0,0,4790,NA,9,134,0,NA,1,1,0,50,0,0,128,13,64,64,0,391,"MINISTERIO DA EDUCACAO","FEDERAL",1,"UNIVERSIDADE",1501402,"BELEM",15,"PA","Norte",1,NA,437,8,80,5,76,41,106,25,47,18,14,5,9,1,2
"78",122326,62,0,29,91,0.318681318681319,0.681318681318681,2703,107,"UNIVERSIDADE FEDERAL DE SAO JOAO DEL REI",1,"FEDERAL",1,"UNIVERSIDADE","621Z01","Agricultura, florestas e recursos pesqueiros",1,3162500,"SAO JOAO DEL REI",31,"Sudeste",0,0,0,0,0,0,0,0,0,0,0,0,0,0,1,0,1,0,0,4392,NA,10,196,0,NA,1,1,100,0,0,0,77,0,92,92,0,81,"FUNDACAO UNIVERSIDADE FEDERAL DE SAO JOAO DEL REI","FEDERAL",1,"UNIVERSIDADE",3162500,"SAO JOAO DEL REI",31,"MG","Sudeste",0,NA,338,3,15,4,20,37,71,45,33,62,37,7,4,0,0
